{"cameraMode":{"drawMode":0,"name":"Shaded","section":"Shading Mode"},"sceneLighting":true,"audioPlay":false,"sceneViewState":{"m_AlwaysRefresh":false,"showFog":true,"showSkybox":true,"showFlares":true,"showImageEffects":true,"showParticleSystems":true,"showVisualEffectGraphs":true,"m_FxEnabled":true},"in2DMode":false,"pivot":{"x":256.07635498046877,"y":77.27742767333985,"z":576.3938598632813},"rotation":{"x":-0.0027133843395859005,"y":-0.9634106755256653,"z":0.2678811252117157,"w":-0.007946981117129326},"size":14.860950469970704,"orthographic":false}