{"cameraMode":{"drawMode":0,"name":"Shaded","section":"Shading Mode"},"sceneLighting":true,"audioPlay":false,"sceneViewState":{"m_AlwaysRefresh":false,"showFog":true,"showSkybox":true,"showFlares":true,"showImageEffects":true,"showParticleSystems":true,"showVisualEffectGraphs":true,"m_FxEnabled":true},"in2DMode":false,"pivot":{"x":176.94737243652345,"y":-46.56016540527344,"z":365.7252502441406},"rotation":{"x":0.060351915657520297,"y":0.9239276647567749,"z":-0.16195853054523469,"w":0.3413407802581787},"size":147.03135681152345,"orthographic":false}